organism_id,gene,mutation,label,drug_class,who_confidence_tier,prevalence_pct,prevalence_source,evo2_llr,esm2_llr,compass_disc_ratio
mtb,rpoB,S531L,rpoB_S531L,RIF,1,45.0,WHO 2023; most common RIF-R globally,,,
mtb,rpoB,H526Y,rpoB_H526Y,RIF,1,15.0,WHO 2023; second most common RIF-R,,,
mtb,rpoB,D516V,rpoB_D516V,RIF,1,8.0,WHO 2023; third most common RIF-R,,,
mtb,katG,S315T,katG_S315T,INH,1,60.0,WHO 2023; dominant INH-R mechanism,,,
mtb,fabG1,C-15T,fabG1_C-15T,INH,1,25.0,WHO 2023; inhA promoter mutation,,,
mtb,embB,M306V,embB_M306V,EMB,1,30.0,WHO 2023; most common EMB-R,,,
mtb,embB,M306I,embB_M306I,EMB,1,15.0,WHO 2023; second EMB-R at codon 306,,,
mtb,pncA,H57D,pncA_H57D,PZA,1,5.0,"WHO 2023; moderate PZA-R, variable by region",,,
mtb,gyrA,D94G,gyrA_D94G,FQ,1,25.0,WHO 2023; most common FQ-R,,,
mtb,gyrA,A90V,gyrA_A90V,FQ,1,15.0,WHO 2023; second most common FQ-R,,,
mtb,rrs,A1401G,rrs_A1401G,AG,1,80.0,WHO 2023; dominant AG-R mechanism,,,
mtb,eis,C-14T,eis_C-14T,AG,1,10.0,WHO 2023; KAN-R via eis promoter,,,
mtb,rrs,C1402T,rrs_C1402T,AG,1,5.0,"WHO 2023; AG-R, less common",,,
mtb,pncA,D49N,pncA_D49N,PZA,2,3.0,"WHO 2023; PZA-R, less common",,,
ecoli,gyrA,S83L,gyrA_S83L,CIP,1,85.0,CARD/EUCAST; primary FQ-R in E. coli,,,
ecoli,gyrA,D87N,gyrA_D87N,CIP,1,50.0,"CARD; 2nd-step FQ-R, usually with S83L",,,
ecoli,parC,S80I,parC_S80I,CIP,2,40.0,CARD; contributes to high-level FQ-R,,,
ecoli,parC,E84V,parC_E84V,CIP,2,15.0,CARD; auxiliary FQ-R determinant,,,
ecoli,ampC,C-42T,ampC_C-42T,AMP,1,20.0,"CARD; promoter mutation, regional variation",,,
saureus,gyrA,S84L,gyrA_S84L,CIP,1,70.0,EUCAST; primary FQ-R in S. aureus,,,
saureus,grlA,S80F,grlA_S80F,CIP,1,60.0,EUCAST; most common Topo IV FQ-R,,,
saureus,grlA,S80Y,grlA_S80Y,CIP,1,15.0,EUCAST; alternative Topo IV change,,,
saureus,rpoB,H481N,rpoB_H481N,RIF,1,40.0,Literature; most common SA RIF-R,,,
saureus,rpoB,S464P,rpoB_S464P,RIF,1,20.0,Literature; second SA RIF-R,,,
saureus,fusA,L461K,fusA_L461K,FUS,2,25.0,EUCAST; fusidic acid resistance,,,
saureus,dfrB,F99Y,dfrB_F99Y,TMP,2,30.0,CARD; trimethoprim resistance,,,
saureus,mprF,S295L,mprF_S295L,DAP,2,10.0,"Literature; daptomycin-R, weak genotype-phenotype",,,
ngonorrhoeae,penA,A501V,penA_A501V,ESC,1,35.0,WHO GASP; key mosaic PBP2 change,,,
ngonorrhoeae,penA,A501T,penA_A501T,ESC,1,10.0,WHO GASP; alternative at 501,,,
ngonorrhoeae,penA,G545S,penA_G545S,ESC,1,25.0,WHO GASP; mosaic PBP2,,,
ngonorrhoeae,penA,I312M,penA_I312M,ESC,2,20.0,WHO GASP; mosaic PBP2,,,
ngonorrhoeae,penA,V316T,penA_V316T,ESC,2,15.0,WHO GASP; mosaic PBP2,,,
ngonorrhoeae,penA,T483S,penA_T483S,ESC,2,30.0,WHO GASP; mosaic PBP2,,,
ngonorrhoeae,gyrA,S91F,gyrA_S91F,CIP,1,70.0,WHO GASP; dominant FQ-R in Ng,,,
ngonorrhoeae,gyrA,D95A,gyrA_D95A,CIP,1,15.0,WHO GASP; second FQ-R,,,
ngonorrhoeae,gyrA,D95G,gyrA_D95G,CIP,1,25.0,"WHO GASP; second FQ-R, geographic variant",,,
ngonorrhoeae,parC,D86N,parC_D86N,CIP,2,10.0,WHO GASP; auxiliary FQ-R,,,
ngonorrhoeae,parC,S87R,parC_S87R,CIP,2,20.0,WHO GASP; auxiliary FQ-R,,,
ngonorrhoeae,23S_rRNA,C2611T,23S_rRNA_C2611T,AZM,1,15.0,WHO GASP; azithromycin-R,,,
ngonorrhoeae,23S_rRNA,A2059G,23S_rRNA_A2059G,AZM,1,40.0,WHO GASP; high-level azithromycin-R,,,
ngonorrhoeae,mtrR,A-35del,mtrR_A-35del,AZM,2,50.0,Literature; efflux pump upregulation,,,
ngonorrhoeae,folP,R228S,folP_R228S,SUL,2,60.0,"Literature; sulfonamide-R, historical",,,
